player_id,team_id,number,position,height,weight,name,image_url,yoe
113,NYK,5,F,203,243,Precious Achiuwa,https://cdn.nba.com/headshots/nba/latest/260x190/1630173.png,
110,MIA,13,C-F,205,255,Bam Adebayo,https://cdn.nba.com/headshots/nba/latest/260x190/1628389.png,
200,TOR,30,G,195,215,Ochai Agbaji,https://cdn.nba.com/headshots/nba/latest/260x190/1630534.png,
274,MEM,7,F-C,213,215,Santi Aldama,https://cdn.nba.com/headshots/nba/latest/260x190/1630583.png,
12,MIN,9,G,195,205,Nickeil Alexander-Walker,https://cdn.nba.com/headshots/nba/latest/260x190/1629638.png,
68,PHX,8,G,193,198,Grayson Allen,https://cdn.nba.com/headshots/nba/latest/260x190/1628960.png,
60,CLE,31,C,205,243,Jarrett Allen,https://cdn.nba.com/headshots/nba/latest/260x190/1628386.png,
132,NOP,15,G,182,179,Jose Alvarado,https://cdn.nba.com/headshots/nba/latest/260x190/1630631.png,
15,MIN,1,F-G,205,230,Kyle Anderson,https://cdn.nba.com/headshots/nba/latest/260x190/203937.png,
67,MIL,34,F,210,243,Giannis Antetokounmpo,https://cdn.nba.com/headshots/nba/latest/260x190/203507.png,
294,MIL,43,F,200,219,Thanasis Antetokounmpo,https://cdn.nba.com/headshots/nba/latest/260x190/203648.png,
46,ORL,50,G,187,185,Cole Anthony,https://cdn.nba.com/headshots/nba/latest/260x190/1630175.png,
199,NYK,8,F-G,200,240,OG Anunoby,https://cdn.nba.com/headshots/nba/latest/260x190/1628384.png,
364,WAS,8,F,205,210,Deni Avdija,https://cdn.nba.com/headshots/nba/latest/260x190/1630166.png,
363,POR,2,C,213,247,Deandre Ayton,https://cdn.nba.com/headshots/nba/latest/260x190/1629028.png,
391,PHX,27,C-F,210,270,Udoka Azubuike,https://cdn.nba.com/headshots/nba/latest/260x190/1628962.png,
469,POR,41,C,213,240,Ibou Badji,https://cdn.nba.com/headshots/nba/latest/260x190/1630641.png,
453,WAS,35,F,208,235,Marvin Bagley III,https://cdn.nba.com/headshots/nba/latest/260x190/1628963.png,
539,CHA,10,G,190,185,Amari Bailey,https://cdn.nba.com/headshots/nba/latest/260x190/1641735.png,
465,WAS,7,F,205,220,Patrick Baldwin Jr.,https://cdn.nba.com/headshots/nba/latest/260x190/1631116.png,
450,CHA,1,G,200,180,LaMelo Ball,https://cdn.nba.com/headshots/nba/latest/260x190/1630163.png,
208,PHI,5,C,213,231,Mo Bamba,https://cdn.nba.com/headshots/nba/latest/260x190/1628964.png,
65,ORL,5,F,208,250,Paolo Banchero,https://cdn.nba.com/headshots/nba/latest/260x190/1631094.png,
365,MEM,22,G,195,215,Desmond Bane,https://cdn.nba.com/headshots/nba/latest/260x190/1630217.png,
260,POR,5,F,203,204,Dalano Banton,https://cdn.nba.com/headshots/nba/latest/260x190/1630625.png,
442,SAS,26,F,205,215,Dominick Barlow,https://cdn.nba.com/headshots/nba/latest/260x190/1631230.png,
57,SAC,40,F,203,225,Harrison Barnes,https://cdn.nba.com/headshots/nba/latest/260x190/203084.png,
284,TOR,4,F-G,200,237,Scottie Barnes,https://cdn.nba.com/headshots/nba/latest/260x190/1630567.png,
245,TOR,9,F-G,198,214,RJ Barrett,https://cdn.nba.com/headshots/nba/latest/260x190/1629628.png,
493,SAS,28,C-F,208,230,Charles Bassey,https://cdn.nba.com/headshots/nba/latest/260x190/1629646.png,
427,CLE,21,F,203,170,Emoni Bates,https://cdn.nba.com/headshots/nba/latest/260x190/1641734.png,
218,BKN,13,F,203,229,Keita Bates-Diop,https://cdn.nba.com/headshots/nba/latest/260x190/1628966.png,
152,PHI,40,G-F,203,230,Nicolas Batum,https://cdn.nba.com/headshots/nba/latest/260x190/201587.png,
515,UTA,26,F,205,216,Darius Bazley,https://cdn.nba.com/headshots/nba/latest/260x190/1629647.png,
175,PHX,3,G,193,207,Bradley Beal,https://cdn.nba.com/headshots/nba/latest/260x190/203078.png,
62,MIL,5,G,193,187,Malik Beasley,https://cdn.nba.com/headshots/nba/latest/260x190/1627736.png,
207,MIL,3,F,200,199,MarJon Beauchamp,https://cdn.nba.com/headshots/nba/latest/260x190/1630699.png,
527,WAS,14,G,198,210,Jules Bernard,https://cdn.nba.com/headshots/nba/latest/260x190/1631262.png,
301,CHA,9,F,208,225,Davis Bertans,https://cdn.nba.com/headshots/nba/latest/260x190/202722.png,
85,MIL,21,G,187,180,Patrick Beverley,https://cdn.nba.com/headshots/nba/latest/260x190/201976.png,
229,ATL,41,G-F,200,215,Saddiq Bey,https://cdn.nba.com/headshots/nba/latest/260x190/1630180.png,
168,ORL,35,C-F,208,250,Goga Bitadze,https://cdn.nba.com/headshots/nba/latest/260x190/1629048.png,
400,CHI,17,F,198,215,Onuralp Bitim,https://cdn.nba.com/headshots/nba/latest/260x190/1641931.png,
297,OKC,15,C,203,255,Bismack Biyombo,https://cdn.nba.com/headshots/nba/latest/260x190/202687.png,
118,ORL,0,G,200,200,Anthony Black,https://cdn.nba.com/headshots/nba/latest/260x190/1641710.png,
529,CHA,12,F,198,209,Leaky Black,https://cdn.nba.com/headshots/nba/latest/260x190/1641778.png,
560,DET,27,F,195,205,Buddy Boeheim,https://cdn.nba.com/headshots/nba/latest/260x190/1631205.png,
156,ATL,13,G,195,225,Bogdan Bogdanovic,https://cdn.nba.com/headshots/nba/latest/260x190/203992.png,
298,NYK,44,F,200,226,Bojan Bogdanovic,https://cdn.nba.com/headshots/nba/latest/260x190/202711.png,
221,PHX,11,C-F,220,220,Bol Bol,https://cdn.nba.com/headshots/nba/latest/260x190/1629626.png,
474,CHA,12,C,208,249,Marques Bolden,https://cdn.nba.com/headshots/nba/latest/260x190/1629716.png,
79,PHX,1,G,198,206,Devin Booker,https://cdn.nba.com/headshots/nba/latest/260x190/1626164.png,
331,LAC,4,G,198,188,Brandon Boston Jr.,https://cdn.nba.com/headshots/nba/latest/260x190/1630527.png,
343,TOR,25,F,205,200,Chris Boucher,https://cdn.nba.com/headshots/nba/latest/260x190/1628449.png,
522,SAS,21,G,187,180,Jamaree Bouyea,https://cdn.nba.com/headshots/nba/latest/260x190/1631123.png,
323,SAS,22,F,193,180,Malaki Branham,https://cdn.nba.com/headshots/nba/latest/260x190/1631103.png,
6,DEN,0,G,198,220,Christian Braun,https://cdn.nba.com/headshots/nba/latest/260x190/1631128.png,
189,BKN,1,G-F,198,209,Mikal Bridges,https://cdn.nba.com/headshots/nba/latest/260x190/1628969.png,
341,CHA,0,F,200,225,Miles Bridges,https://cdn.nba.com/headshots/nba/latest/260x190/1628970.png,
64,BOS,12,F-G,200,210,Oshae Brissett,https://cdn.nba.com/headshots/nba/latest/260x190/1629052.png,
355,POR,11,G,193,229,Malcolm Brogdon,https://cdn.nba.com/headshots/nba/latest/260x190/1627763.png,
149,HOU,9,G-F,198,225,Dillon Brooks,https://cdn.nba.com/headshots/nba/latest/260x190/1628415.png,
241,TOR,11,G-F,193,202,Bruce Brown,https://cdn.nba.com/headshots/nba/latest/260x190/1628971.png,
25,BOS,7,G-F,198,223,Jaylen Brown,https://cdn.nba.com/headshots/nba/latest/260x190/1627759.png,
407,IND,10,G,200,205,Kendall Brown,https://cdn.nba.com/headshots/nba/latest/260x190/1631112.png,
238,LAC,21,F,200,250,Kobe Brown,https://cdn.nba.com/headshots/nba/latest/260x190/1641738.png,
486,POR,10,C,218,258,Moses Brown,https://cdn.nba.com/headshots/nba/latest/260x190/1629650.png,
498,DAL,36,F,200,206,Greg Brown III,https://cdn.nba.com/headshots/nba/latest/260x190/1630535.png,
513,NYK,4,G,198,199,Charlie Brown Jr.,https://cdn.nba.com/headshots/nba/latest/260x190/1629718.png,
210,DET,7,G-F,200,215,Troy Brown Jr.,https://cdn.nba.com/headshots/nba/latest/260x190/1628972.png,
31,NYK,11,G,187,190,Jalen Brunson,https://cdn.nba.com/headshots/nba/latest/260x190/1628973.png,
286,MIA,31,C-F,208,248,Thomas Bryant,https://cdn.nba.com/headshots/nba/latest/260x190/1628418.png,
434,ATL,4,G,195,195,Kobe Bufkin,https://cdn.nba.com/headshots/nba/latest/260x190/1641723.png,
269,HOU,25,G-F,198,205,Reggie Bullock Jr.,https://cdn.nba.com/headshots/nba/latest/260x190/203493.png,
316,NYK,18,G,195,214,Alec Burks,https://cdn.nba.com/headshots/nba/latest/260x190/202692.png,
461,WAS,4,G,190,193,Jared Butler,https://cdn.nba.com/headshots/nba/latest/260x190/1630215.png,
179,MIA,22,F,200,230,Jimmy Butler,https://cdn.nba.com/headshots/nba/latest/260x190/202710.png,
370,MIA,8,F,198,191,Jamal Cain,https://cdn.nba.com/headshots/nba/latest/260x190/1631288.png,
20,DEN,5,G,195,204,Kentavious Caldwell-Pope,https://cdn.nba.com/headshots/nba/latest/260x190/203484.png,
313,POR,33,F,200,226,Toumani Camara,https://cdn.nba.com/headshots/nba/latest/260x190/1641739.png,
177,ATL,15,C,208,256,Clint Capela,https://cdn.nba.com/headshots/nba/latest/260x190/203991.png,
161,CHI,5,G,185,200,Jevon Carter,https://cdn.nba.com/headshots/nba/latest/260x190/1628975.png,
211,ORL,34,C-F,208,270,Wendell Carter Jr.,https://cdn.nba.com/headshots/nba/latest/260x190/1628976.png,
514,TOR,3,G,190,200,D.J. Carton,https://cdn.nba.com/headshots/nba/latest/260x190/fallback.png,
165,CHI,6,G,195,186,Alex Caruso,https://cdn.nba.com/headshots/nba/latest/260x190/1627936.png,
415,LAL,14,C,208,250,Colin Castleton,https://cdn.nba.com/headshots/nba/latest/260x190/1630658.png,
310,SAS,30,F,200,217,Julian Champagnie,https://cdn.nba.com/headshots/nba/latest/260x190/1630577.png,
501,WAS,99,G-F,198,206,Justin Champagnie,https://cdn.nba.com/headshots/nba/latest/260x190/1630551.png,
134,LAL,10,G,195,190,Max Christie,https://cdn.nba.com/headshots/nba/latest/260x190/1631108.png,
476,SAS,25,G,198,200,Sidy Cissoko,https://cdn.nba.com/headshots/nba/latest/260x190/1631321.png,
512,MEM,15,F,203,215,Brandon Clarke,https://cdn.nba.com/headshots/nba/latest/260x190/1629634.png,
280,UTA,0,G,190,194,Jordan Clarkson,https://cdn.nba.com/headshots/nba/latest/260x190/203903.png,
240,BKN,33,C,210,215,Nic Claxton,https://cdn.nba.com/headshots/nba/latest/260x190/1629651.png,
409,BKN,21,F,205,210,Noah Clowney,https://cdn.nba.com/headshots/nba/latest/260x190/1641730.png,
52,LAC,7,G-F,200,210,Amir Coffey,https://cdn.nba.com/headshots/nba/latest/260x190/1629599.png,
236,UTA,20,F-C,205,226,John Collins,https://cdn.nba.com/headshots/nba/latest/260x190/1628381.png,
315,SAS,23,F-C,210,250,Zach Collins,https://cdn.nba.com/headshots/nba/latest/260x190/1628380.png,
23,MIN,10,G,182,175,Mike Conley,https://cdn.nba.com/headshots/nba/latest/260x190/201144.png,
70,MIL,24,G,195,209,Pat Connaughton,https://cdn.nba.com/headshots/nba/latest/260x190/1626192.png,
393,WAS,0,G,203,195,Bilal Coulibaly,https://cdn.nba.com/headshots/nba/latest/260x190/1641731.png,
358,PHI,16,G,198,207,Ricky Council IV,https://cdn.nba.com/headshots/nba/latest/260x190/1641741.png,
305,PHI,33,F,200,209,Robert Covington,https://cdn.nba.com/headshots/nba/latest/260x190/203496.png,
287,CHI,13,F,195,221,Torrey Craig,https://cdn.nba.com/headshots/nba/latest/260x190/1628470.png,
251,MIL,99,F,198,235,Jae Crowder,https://cdn.nba.com/headshots/nba/latest/260x190/203109.png,
414,DET,2,G,198,220,Cade Cunningham,https://cdn.nba.com/headshots/nba/latest/260x190/1630595.png,
255,CHA,30,G,185,185,Seth Curry,https://cdn.nba.com/headshots/nba/latest/260x190/203552.png,
86,GSW,30,G,187,185,Stephen Curry,https://cdn.nba.com/headshots/nba/latest/260x190/201939.png,
167,NOP,11,G,200,199,Dyson Daniels,https://cdn.nba.com/headshots/nba/latest/260x190/1630700.png,
66,LAL,3,F-C,208,253,Anthony Davis,https://cdn.nba.com/headshots/nba/latest/260x190/203076.png,
433,WAS,1,G,193,195,Johnny Davis,https://cdn.nba.com/headshots/nba/latest/260x190/1631098.png,
429,BOS,20,G,185,195,JD Davison,https://cdn.nba.com/headshots/nba/latest/260x190/1631120.png,
142,CHI,11,G-F,198,220,DeMar DeRozan,https://cdn.nba.com/headshots/nba/latest/260x190/201942.png,
28,NYK,0,G,193,203,Donte DiVincenzo,https://cdn.nba.com/headshots/nba/latest/260x190/1628978.png,
454,LAC,25,F,205,210,Moussa Diabate,https://cdn.nba.com/headshots/nba/latest/260x190/1631217.png,
473,NYK,21,F,205,228,Mamadi Diakite,https://cdn.nba.com/headshots/nba/latest/260x190/1629603.png,
318,TOR,1,G-F,198,200,Gradey Dick,https://cdn.nba.com/headshots/nba/latest/260x190/1641711.png,
293,OKC,13,F,205,185,Ousmane Dieng,https://cdn.nba.com/headshots/nba/latest/260x190/1631172.png,
138,LAL,26,G,195,215,Spencer Dinwiddie,https://cdn.nba.com/headshots/nba/latest/260x190/203915.png,
61,DAL,77,F-G,200,230,Luka Doncic,https://cdn.nba.com/headshots/nba/latest/260x190/1629029.png,
21,OKC,5,G,193,220,Luguentz Dort,https://cdn.nba.com/headshots/nba/latest/260x190/1629652.png,
140,CHI,12,G,195,200,Ayo Dosunmu,https://cdn.nba.com/headshots/nba/latest/260x190/1630245.png,
445,PHI,11,G,190,177,Jeff Dowtin Jr.,https://cdn.nba.com/headshots/nba/latest/260x190/1630288.png,
518,CHI,77,F,205,220,Henri Drell,https://cdn.nba.com/headshots/nba/latest/260x190/1630929.png,
139,CHI,3,C,210,279,Andre Drummond,https://cdn.nba.com/headshots/nba/latest/260x190/203083.png,
157,SAC,3,G,195,190,Chris Duarte,https://cdn.nba.com/headshots/nba/latest/260x190/1630537.png,
494,SAS,28,G,193,204,David Duke Jr.,https://cdn.nba.com/headshots/nba/latest/260x190/1630561.png,
252,UTA,11,G,190,205,Kris Dunn,https://cdn.nba.com/headshots/nba/latest/260x190/1627739.png,
77,PHX,35,F,210,240,Kevin Durant,https://cdn.nba.com/headshots/nba/latest/260x190/201142.png,
378,DET,0,C,208,250,Jalen Duren,https://cdn.nba.com/headshots/nba/latest/260x190/1631105.png,
388,HOU,17,F,203,215,Tari Eason,https://cdn.nba.com/headshots/nba/latest/260x190/1631106.png,
18,MIN,5,G,193,225,Anthony Edwards,https://cdn.nba.com/headshots/nba/latest/260x190/1630162.png,
187,SAC,17,F,200,203,Kessler Edwards,https://cdn.nba.com/headshots/nba/latest/260x190/1630556.png,
181,SAC,23,G,190,175,Keon Ellis,https://cdn.nba.com/headshots/nba/latest/260x190/1631165.png,
195,PHI,21,C-F,213,280,Joel Embiid,https://cdn.nba.com/headshots/nba/latest/260x190/203954.png,
90,PHX,14,F-C,208,245,Drew Eubanks,https://cdn.nba.com/headshots/nba/latest/260x190/1629234.png,
556,DET,18,F,200,217,Tosan Evbuomwan,https://cdn.nba.com/headshots/nba/latest/260x190/1641787.png,
147,DAL,0,G,195,214,Dante Exum,https://cdn.nba.com/headshots/nba/latest/260x190/203957.png,
300,ATL,24,F-C,205,240,Bruno Fernando,https://cdn.nba.com/headshots/nba/latest/260x190/1628981.png,
223,BKN,28,F,200,220,Dorian Finney-Smith,https://cdn.nba.com/headshots/nba/latest/260x190/1627827.png,
511,OKC,14,G,190,180,Adam Flagler,https://cdn.nba.com/headshots/nba/latest/260x190/1641745.png,
227,DET,18,G,185,185,Malachi Flynn,https://cdn.nba.com/headshots/nba/latest/260x190/1630201.png,
220,DET,19,F,200,209,Simone Fontecchio,https://cdn.nba.com/headshots/nba/latest/260x190/1631323.png,
525,SAC,31,G,185,175,Jordan Ford,https://cdn.nba.com/headshots/nba/latest/260x190/1630259.png,
327,ATL,2,G,193,210,Trent Forrest,https://cdn.nba.com/headshots/nba/latest/260x190/1630235.png,
428,DET,31,G-F,198,205,Evan Fournier,https://cdn.nba.com/headshots/nba/latest/260x190/203095.png,
89,SAC,5,G,190,185,De'Aaron Fox,https://cdn.nba.com/headshots/nba/latest/260x190/1628368.png,
499,TOR,0,G,190,190,Javon Freeman-Liberty,https://cdn.nba.com/headshots/nba/latest/260x190/1631241.png,
538,DAL,17,F,203,200,Alex Fudge,https://cdn.nba.com/headshots/nba/latest/260x190/1641788.png,
254,ORL,20,G,193,209,Markelle Fultz,https://cdn.nba.com/headshots/nba/latest/260x190/1628365.png,
203,DAL,21,F-C,208,234,Daniel Gafford,https://cdn.nba.com/headshots/nba/latest/260x190/1629655.png,
351,MIL,12,F,208,236,Danilo Gallinari,https://cdn.nba.com/headshots/nba/latest/260x190/201568.png,
194,CLE,10,G,185,192,Darius Garland,https://cdn.nba.com/headshots/nba/latest/260x190/1629636.png,
481,GSW,12,F,203,229,Usman Garuba,https://cdn.nba.com/headshots/nba/latest/260x190/1630586.png,
339,MIN,55,C,208,243,Luka Garza,https://cdn.nba.com/headshots/nba/latest/260x190/1630568.png,
237,UTA,3,G,193,185,Keyonte George,https://cdn.nba.com/headshots/nba/latest/260x190/1641718.png,
44,LAC,13,F,203,220,Paul George,https://cdn.nba.com/headshots/nba/latest/260x190/202331.png,
438,DET,67,F,205,232,Taj Gibson,https://cdn.nba.com/headshots/nba/latest/260x190/201959.png,
10,OKC,3,G,203,216,Josh Giddey,https://cdn.nba.com/headshots/nba/latest/260x190/1630581.png,
397,LAL,20,F-C,208,240,Harry Giles III,https://cdn.nba.com/headshots/nba/latest/260x190/1628385.png,
17,OKC,2,G,198,195,Shai Gilgeous-Alexander,https://cdn.nba.com/headshots/nba/latest/260x190/1628983.png,
412,WAS,16,F,203,230,Anthony Gill,https://cdn.nba.com/headshots/nba/latest/260x190/1630264.png,
349,DEN,21,G,185,195,Collin Gillespie,https://cdn.nba.com/headshots/nba/latest/260x190/1631221.png,
384,BKN,14,G,172,160,Jacob Gilyard,https://cdn.nba.com/headshots/nba/latest/260x190/1631367.png,
24,MIN,27,C,215,258,Rudy Gobert,https://cdn.nba.com/headshots/nba/latest/260x190/203497.png,
206,MEM,0,G,193,200,Jordan Goodwin,https://cdn.nba.com/headshots/nba/latest/260x190/1630692.png,
29,DEN,50,F,203,235,Aaron Gordon,https://cdn.nba.com/headshots/nba/latest/260x190/203932.png,
101,PHX,23,G,190,215,Eric Gordon,https://cdn.nba.com/headshots/nba/latest/260x190/201569.png,
426,SAS,4,G,185,195,Devonte' Graham,https://cdn.nba.com/headshots/nba/latest/260x190/1628984.png,
336,POR,9,F,200,210,Jerami Grant,https://cdn.nba.com/headshots/nba/latest/260x190/203924.png,
535,SAS,0,F,200,269,RaiQuan Gray,https://cdn.nba.com/headshots/nba/latest/260x190/1630564.png,
155,MIL,20,G,193,190,AJ Green,https://cdn.nba.com/headshots/nba/latest/260x190/1631260.png,
178,GSW,23,F,198,230,Draymond Green,https://cdn.nba.com/headshots/nba/latest/260x190/203110.png,
103,HOU,4,G,193,186,Jalen Green,https://cdn.nba.com/headshots/nba/latest/260x190/1630224.png,
470,CHI,24,G,195,205,Javonte Green,https://cdn.nba.com/headshots/nba/latest/260x190/1629750.png,
121,HOU,32,F,203,235,Jeff Green,https://cdn.nba.com/headshots/nba/latest/260x190/201145.png,
186,DAL,8,G,195,200,Josh Green,https://cdn.nba.com/headshots/nba/latest/260x190/1630182.png,
423,ATL,14,F,198,220,AJ Griffin,https://cdn.nba.com/headshots/nba/latest/260x190/1631100.png,
190,DET,24,G,195,210,Quentin Grimes,https://cdn.nba.com/headshots/nba/latest/260x190/1629656.png,
571,TOR,16,F,205,210,Mouhamadou Gueye,https://cdn.nba.com/headshots/nba/latest/260x190/1631338.png,
533,ATL,18,F,208,210,Mouhamed Gueye,https://cdn.nba.com/headshots/nba/latest/260x190/1631243.png,
114,LAL,28,F,203,230,Rui Hachimura,https://cdn.nba.com/headshots/nba/latest/260x190/1629060.png,
492,POR,19,G-F,190,190,Ashton Hagans,https://cdn.nba.com/headshots/nba/latest/260x190/1630204.png,
116,IND,0,G,195,185,Tyrese Haliburton,https://cdn.nba.com/headshots/nba/latest/260x190/1630169.png,
35,DAL,10,G-F,195,205,Tim Hardaway Jr.,https://cdn.nba.com/headshots/nba/latest/260x190/203501.png,
59,LAC,1,G,195,220,James Harden,https://cdn.nba.com/headshots/nba/latest/260x190/201935.png,
73,DAL,1,G,190,198,Jaden Hardy,https://cdn.nba.com/headshots/nba/latest/260x190/1630702.png,
160,ORL,14,G,193,210,Gary Harris,https://cdn.nba.com/headshots/nba/latest/260x190/203914.png,
551,ORL,8,G,195,216,Kevon Harris,https://cdn.nba.com/headshots/nba/latest/260x190/1630284.png,
108,PHI,12,F,203,226,Tobias Harris,https://cdn.nba.com/headshots/nba/latest/260x190/202699.png,
33,NYK,3,G,193,215,Josh Hart,https://cdn.nba.com/headshots/nba/latest/260x190/1628404.png,
48,NYK,55,C-F,213,250,Isaiah Hartenstein,https://cdn.nba.com/headshots/nba/latest/260x190/1628392.png,
2,BOS,30,F,200,217,Sam Hauser,https://cdn.nba.com/headshots/nba/latest/260x190/1630573.png,
131,NOP,24,G,195,190,Jordan Hawkins,https://cdn.nba.com/headshots/nba/latest/260x190/1641722.png,
104,LAL,11,C-F,213,220,Jaxson Hayes,https://cdn.nba.com/headshots/nba/latest/260x190/1629637.png,
250,OKC,33,F,200,225,Gordon Hayward,https://cdn.nba.com/headshots/nba/latest/260x190/202330.png,
326,POR,0,G,190,202,Scoot Henderson,https://cdn.nba.com/headshots/nba/latest/260x190/1630703.png,
383,UTA,0,F,205,215,Taylor Hendricks,https://cdn.nba.com/headshots/nba/latest/260x190/1641707.png,
275,MIA,14,G,195,195,Tyler Herro,https://cdn.nba.com/headshots/nba/latest/260x190/1629639.png,
53,PHI,17,G,193,220,Buddy Hield,https://cdn.nba.com/headshots/nba/latest/260x190/1627741.png,
119,MIA,24,F,195,220,Haywood Highsmith,https://cdn.nba.com/headshots/nba/latest/260x190/1629312.png,
435,HOU,14,G-F,195,210,Nate Hinton,https://cdn.nba.com/headshots/nba/latest/260x190/1630207.png,
117,HOU,0,G,182,185,Aaron Holiday,https://cdn.nba.com/headshots/nba/latest/260x190/1628988.png,
22,BOS,4,G,193,205,Jrue Holiday,https://cdn.nba.com/headshots/nba/latest/260x190/201950.png,
133,DEN,9,F-G,198,180,Justin Holiday,https://cdn.nba.com/headshots/nba/latest/260x190/203200.png,
382,WAS,22,F,205,235,Richaun Holmes,https://cdn.nba.com/headshots/nba/latest/260x190/1626158.png,
5,OKC,7,C-F,215,208,Chet Holmgren,https://cdn.nba.com/headshots/nba/latest/260x190/1631096.png,
406,LAL,0,G,195,215,Jalen Hood-Schifino,https://cdn.nba.com/headshots/nba/latest/260x190/1641720.png,
26,BOS,42,C-F,205,240,Al Horford,https://cdn.nba.com/headshots/nba/latest/260x190/201143.png,
376,UTA,5,G,193,234,Talen Horton-Tucker,https://cdn.nba.com/headshots/nba/latest/260x190/1629659.png,
193,ORL,2,G,203,205,Caleb Houstan,https://cdn.nba.com/headshots/nba/latest/260x190/1631216.png,
419,ORL,13,G,198,215,Jett Howard,https://cdn.nba.com/headshots/nba/latest/260x190/1641724.png,
145,SAC,9,G-F,200,198,Kevin Huerter,https://cdn.nba.com/headshots/nba/latest/260x190/1628989.png,
346,DEN,30,C,215,240,Jay Huff,https://cdn.nba.com/headshots/nba/latest/260x190/1630643.png,
243,ATL,12,F-G,203,221,De'Andre Hunter,https://cdn.nba.com/headshots/nba/latest/260x190/1629631.png,
299,LAC,5,G,187,169,Bones Hyland,https://cdn.nba.com/headshots/nba/latest/260x190/1630538.png,
92,ORL,7,F-G,205,220,Joe Ingles,https://cdn.nba.com/headshots/nba/latest/260x190/204060.png,
125,NOP,14,F,203,190,Brandon Ingram,https://cdn.nba.com/headshots/nba/latest/260x190/1627742.png,
122,DAL,11,G,187,195,Kyrie Irving,https://cdn.nba.com/headshots/nba/latest/260x190/202681.png,
162,ORL,1,F,208,230,Jonathan Isaac,https://cdn.nba.com/headshots/nba/latest/260x190/1628371.png,
368,DET,23,G,193,195,Jaden Ivey,https://cdn.nba.com/headshots/nba/latest/260x190/1631093.png,
366,MEM,45,F,205,210,GG Jackson,https://cdn.nba.com/headshots/nba/latest/260x190/1641713.png,
143,IND,22,F,205,205,Isaiah Jackson,https://cdn.nba.com/headshots/nba/latest/260x190/1630543.png,
508,IND,29,G,195,173,Quenton Jackson,https://cdn.nba.com/headshots/nba/latest/260x190/1631245.png,
9,DEN,7,G,187,208,Reggie Jackson,https://cdn.nba.com/headshots/nba/latest/260x190/202704.png,
173,MIL,44,G,198,209,Andre Jackson Jr.,https://cdn.nba.com/headshots/nba/latest/260x190/1641748.png,
278,MEM,13,F-C,208,242,Jaren Jackson Jr.,https://cdn.nba.com/headshots/nba/latest/260x190/1628991.png,
123,GSW,32,F,205,245,Trayce Jackson-Davis,https://cdn.nba.com/headshots/nba/latest/260x190/1631218.png,
106,LAL,23,F,205,250,LeBron James,https://cdn.nba.com/headshots/nba/latest/260x190/2544.png,
74,MIA,11,G,198,225,Jaime Jaquez Jr.,https://cdn.nba.com/headshots/nba/latest/260x190/1631170.png,
395,NYK,8,G-F,195,222,DaQuan Jeffries,https://cdn.nba.com/headshots/nba/latest/260x190/1629610.png,
479,MEM,55,C,208,260,Trey Jemison,https://cdn.nba.com/headshots/nba/latest/260x190/1641998.png,
557,CLE,2,G-F,195,195,Ty Jerome,https://cdn.nba.com/headshots/nba/latest/260x190/1629660.png,
19,OKC,11,G,190,165,Isaiah Joe,https://cdn.nba.com/headshots/nba/latest/260x190/1630198.png,
289,BKN,2,F,203,210,Cameron Johnson,https://cdn.nba.com/headshots/nba/latest/260x190/1629661.png,
235,ATL,1,F,203,219,Jalen Johnson,https://cdn.nba.com/headshots/nba/latest/260x190/1630552.png,
483,IND,16,F,200,240,James Johnson,https://cdn.nba.com/headshots/nba/latest/260x190/201949.png,
338,SAS,3,F-G,195,220,Keldon Johnson,https://cdn.nba.com/headshots/nba/latest/260x190/1629640.png,
567,BKN,45,G,195,185,Keon Johnson,https://cdn.nba.com/headshots/nba/latest/260x190/1630553.png,
448,OKC,18,F,193,230,Keyontae Johnson,https://cdn.nba.com/headshots/nba/latest/260x190/1641749.png,
16,DEN,15,C,210,284,Nikola Jokic,https://cdn.nba.com/headshots/nba/latest/260x190/203999.png,
348,SAC,20,G,198,207,Colby Jones,https://cdn.nba.com/headshots/nba/latest/260x190/1641732.png,
261,CLE,30,C,208,245,Damian Jones,https://cdn.nba.com/headshots/nba/latest/260x190/1627745.png,
58,NOP,5,F,200,206,Herbert Jones,https://cdn.nba.com/headshots/nba/latest/260x190/1630529.png,
504,SAC,8,G,193,200,Mason Jones,https://cdn.nba.com/headshots/nba/latest/260x190/1630222.png,
295,SAS,33,G,185,185,Tre Jones,https://cdn.nba.com/headshots/nba/latest/260x190/1630200.png,
401,WAS,5,G,185,196,Tyus Jones,https://cdn.nba.com/headshots/nba/latest/260x190/1626145.png,
47,DAL,55,F,198,210,Derrick Jones Jr.,https://cdn.nba.com/headshots/nba/latest/260x190/1627884.png,
262,DEN,6,C,210,265,DeAndre Jordan,https://cdn.nba.com/headshots/nba/latest/260x190/201599.png,
267,MIA,5,F,208,205,Nikola Jovic,https://cdn.nba.com/headshots/nba/latest/260x190/1631107.png,
471,UTA,33,G,195,209,Johnny Juzang,https://cdn.nba.com/headshots/nba/latest/260x190/1630548.png,
354,MEM,10,G,195,206,Luke Kennard,https://cdn.nba.com/headshots/nba/latest/260x190/1628379.png,
246,UTA,24,C,213,245,Walker Kessler,https://cdn.nba.com/headshots/nba/latest/260x190/1631117.png,
362,DEN,11,F,203,225,Braxton Key,https://cdn.nba.com/headshots/nba/latest/260x190/1630296.png,
350,WAS,24,F,198,224,Corey Kispert,https://cdn.nba.com/headshots/nba/latest/260x190/1630557.png,
239,DAL,42,F,208,240,Maxi Kleber,https://cdn.nba.com/headshots/nba/latest/260x190/1628467.png,
322,MEM,46,G,195,210,John Konchar,https://cdn.nba.com/headshots/nba/latest/260x190/1629723.png,
42,BOS,40,C-F,215,250,Luke Kornet,https://cdn.nba.com/headshots/nba/latest/260x190/1628436.png,
422,ATL,27,G,203,195,Vit Krejci,https://cdn.nba.com/headshots/nba/latest/260x190/1630249.png,
111,GSW,0,F,200,225,Jonathan Kuminga,https://cdn.nba.com/headshots/nba/latest/260x190/1630228.png,
379,WAS,33,F,205,221,Kyle Kuzma,https://cdn.nba.com/headshots/nba/latest/260x190/1628398.png,
430,MEM,3,F,200,235,Jake LaRavia,https://cdn.nba.com/headshots/nba/latest/260x190/1631222.png,
411,CHI,8,G,195,200,Zach LaVine,https://cdn.nba.com/headshots/nba/latest/260x190/203897.png,
226,HOU,2,C,210,255,Jock Landale,https://cdn.nba.com/headshots/nba/latest/260x190/1629111.png,
231,DAL,9,G,198,179,A.J. Lawson,https://cdn.nba.com/headshots/nba/latest/260x190/1630639.png,
126,CLE,3,G,198,205,Caris LeVert,https://cdn.nba.com/headshots/nba/latest/260x190/1627747.png,
360,PHX,38,G,187,183,Saben Lee,https://cdn.nba.com/headshots/nba/latest/260x190/1630240.png,
257,SAC,25,C,213,250,Alex Len,https://cdn.nba.com/headshots/nba/latest/260x190/203458.png,
76,LAC,2,F,200,225,Kawhi Leonard,https://cdn.nba.com/headshots/nba/latest/260x190/202695.png,
325,LAL,21,F,200,195,Maxwell Lewis,https://cdn.nba.com/headshots/nba/latest/260x190/1641721.png,
408,UTA,13,G,185,170,Kira Lewis Jr.,https://cdn.nba.com/headshots/nba/latest/260x190/1630184.png,
497,NOP,32,F,198,240,E.J. Liddell,https://cdn.nba.com/headshots/nba/latest/260x190/1630604.png,
37,MIL,0,G,187,195,Damian Lillard,https://cdn.nba.com/headshots/nba/latest/260x190/203081.png,
228,PHX,25,F-G,198,220,Nassir Little,https://cdn.nba.com/headshots/nba/latest/260x190/1629642.png,
159,DAL,2,C,215,230,Dereck Lively II,https://cdn.nba.com/headshots/nba/latest/260x190/1641726.png,
377,MIL,7,F,198,220,Chris Livingston,https://cdn.nba.com/headshots/nba/latest/260x190/1641753.png,
447,UTA,35,F,198,275,Kenneth Lofton Jr.,https://cdn.nba.com/headshots/nba/latest/260x190/1631254.png,
82,GSW,5,F,205,222,Kevon Looney,https://cdn.nba.com/headshots/nba/latest/260x190/1626172.png,
36,MIL,11,C,215,282,Brook Lopez,https://cdn.nba.com/headshots/nba/latest/260x190/201572.png,
197,MIA,42,F-C,203,251,Kevin Love,https://cdn.nba.com/headshots/nba/latest/260x190/201567.png,
188,PHI,7,G,182,196,Kyle Lowry,https://cdn.nba.com/headshots/nba/latest/260x190/200768.png,
537,ATL,3,G-F,193,220,Seth Lundy,https://cdn.nba.com/headshots/nba/latest/260x190/1641754.png,
182,SAC,41,F,205,234,Trey Lyles,https://cdn.nba.com/headshots/nba/latest/260x190/1626168.png,
387,SAS,54,F-C,205,240,Sandro Mamukelashvili,https://cdn.nba.com/headshots/nba/latest/260x190/1630572.png,
51,LAC,14,G-F,195,215,Terance Mann,https://cdn.nba.com/headshots/nba/latest/260x190/1629611.png,
296,CHA,23,G,190,178,Tre Mann,https://cdn.nba.com/headshots/nba/latest/260x190/1630544.png,
413,HOU,51,C,223,290,Boban Marjanovic,https://cdn.nba.com/headshots/nba/latest/260x190/1626246.png,
282,UTA,23,F-C,213,240,Lauri Markkanen,https://cdn.nba.com/headshots/nba/latest/260x190/1628374.png,
107,NOP,8,F,198,220,Naji Marshall,https://cdn.nba.com/headshots/nba/latest/260x190/1630230.png,
146,MIA,16,F,195,205,Caleb Martin,https://cdn.nba.com/headshots/nba/latest/260x190/1628997.png,
441,CHA,11,F,198,205,Cody Martin,https://cdn.nba.com/headshots/nba/latest/260x190/1628998.png,
180,PHI,1,F,198,215,KJ Martin,https://cdn.nba.com/headshots/nba/latest/260x190/1630231.png,
216,ATL,25,G,198,215,Garrison Mathews,https://cdn.nba.com/headshots/nba/latest/260x190/1629726.png,
174,IND,0,G-F,195,210,Bennedict Mathurin,https://cdn.nba.com/headshots/nba/latest/260x190/1631097.png,
402,ATL,32,G,195,220,Wesley Matthews,https://cdn.nba.com/headshots/nba/latest/260x190/202083.png,
87,PHI,0,G,187,200,Tyrese Maxey,https://cdn.nba.com/headshots/nba/latest/260x190/1630178.png,
375,LAL,4,G,190,205,Skylar Mays,https://cdn.nba.com/headshots/nba/latest/260x190/1630219.png,
95,NYK,2,G,185,195,Miles McBride,https://cdn.nba.com/headshots/nba/latest/260x190/1630540.png,
88,NOP,3,G,190,190,CJ McCollum,https://cdn.nba.com/headshots/nba/latest/260x190/203468.png,
115,IND,9,G,185,190,T.J. McConnell,https://cdn.nba.com/headshots/nba/latest/260x190/204456.png,
39,MIN,3,F,205,185,Jaden McDaniels,https://cdn.nba.com/headshots/nba/latest/260x190/1630183.png,
385,TOR,2,F,205,190,Jalen McDaniels,https://cdn.nba.com/headshots/nba/latest/260x190/1629667.png,
276,IND,20,F,198,225,Doug McDermott,https://cdn.nba.com/headshots/nba/latest/260x190/203926.png,
225,SAC,0,C-F,213,270,JaVale McGee,https://cdn.nba.com/headshots/nba/latest/260x190/201580.png,
394,CHA,7,G,198,175,Bryce McGowens,https://cdn.nba.com/headshots/nba/latest/260x190/1631121.png,
163,MIN,6,G,182,185,Jordan McLaughlin,https://cdn.nba.com/headshots/nba/latest/260x190/1629162.png,
249,PHI,8,G,190,200,De'Anthony Melton,https://cdn.nba.com/headshots/nba/latest/260x190/1629001.png,
154,CLE,5,G,193,205,Sam Merrill,https://cdn.nba.com/headshots/nba/latest/260x190/1630241.png,
258,DET,4,F-C,208,225,Chimezie Metu,https://cdn.nba.com/headshots/nba/latest/260x190/1629002.png,
172,CHA,22,G,190,188,Vasilije Micic,https://cdn.nba.com/headshots/nba/latest/260x190/203995.png,
198,MIL,22,F,200,222,Khris Middleton,https://cdn.nba.com/headshots/nba/latest/260x190/203114.png,
317,CHA,24,F,200,200,Brandon Miller,https://cdn.nba.com/headshots/nba/latest/260x190/1641706.png,
472,LAC,11,G,195,194,Jordan Miller,https://cdn.nba.com/headshots/nba/latest/260x190/1641757.png,
380,MIN,33,F,208,210,Leonard Miller,https://cdn.nba.com/headshots/nba/latest/260x190/1631159.png,
357,MIA,8,G,187,180,Patty Mills,https://cdn.nba.com/headshots/nba/latest/260x190/201988.png,
191,NYK,13,G-F,195,205,Shake Milton,https://cdn.nba.com/headshots/nba/latest/260x190/1629003.png,
502,POR,24,F,195,205,Justin Minaya,https://cdn.nba.com/headshots/nba/latest/260x190/1631303.png,
271,MIN,8,F,203,205,Josh Minott,https://cdn.nba.com/headshots/nba/latest/260x190/1631169.png,
100,SAC,15,G,182,202,Davion Mitchell,https://cdn.nba.com/headshots/nba/latest/260x190/1630558.png,
150,CLE,45,G,190,215,Donovan Mitchell,https://cdn.nba.com/headshots/nba/latest/260x190/1628378.png,
215,CLE,4,C,210,215,Evan Mobley,https://cdn.nba.com/headshots/nba/latest/260x190/1630596.png,
519,CLE,15,F,203,238,Isaiah Mobley,https://cdn.nba.com/headshots/nba/latest/260x190/1630600.png,
94,SAC,0,G,190,200,Malik Monk,https://cdn.nba.com/headshots/nba/latest/260x190/1628370.png,
135,GSW,4,G,195,211,Moses Moody,https://cdn.nba.com/headshots/nba/latest/260x190/1630541.png,
457,LAC,22,G,182,165,Xavier Moon,https://cdn.nba.com/headshots/nba/latest/260x190/1629875.png,
329,MIN,7,G,195,215,Wendell Moore Jr.,https://cdn.nba.com/headshots/nba/latest/260x190/1631111.png,
460,MEM,12,G,187,174,Ja Morant,https://cdn.nba.com/headshots/nba/latest/260x190/1629630.png,
356,DAL,88,F,205,245,Markieff Morris,https://cdn.nba.com/headshots/nba/latest/260x190/202693.png,
292,MIN,23,G,187,183,Monte Morris,https://cdn.nba.com/headshots/nba/latest/260x190/1628420.png,
244,CLE,24,F,203,218,Marcus Morris Sr.,https://cdn.nba.com/headshots/nba/latest/260x190/202694.png,
164,NOP,25,F,203,206,Trey Murphy III,https://cdn.nba.com/headshots/nba/latest/260x190/1630530.png,
166,ATL,5,G,195,180,Dejounte Murray,https://cdn.nba.com/headshots/nba/latest/260x190/1627749.png,
75,DEN,27,G,193,215,Jamal Murray,https://cdn.nba.com/headshots/nba/latest/260x190/1627750.png,
81,SAC,13,F,203,225,Keegan Murray,https://cdn.nba.com/headshots/nba/latest/260x190/1631099.png,
386,POR,8,F,203,210,Kris Murray,https://cdn.nba.com/headshots/nba/latest/260x190/1631200.png,
340,OKC,50,F-C,208,240,Mike Muscala,https://cdn.nba.com/headshots/nba/latest/260x190/203488.png,
192,BOS,50,G-F,200,205,Svi Mykhailiuk,https://cdn.nba.com/headshots/nba/latest/260x190/1629004.png,
507,CLE,8,F,208,225,Pete Nance,https://cdn.nba.com/headshots/nba/latest/260x190/1631250.png,
171,NOP,22,F-C,203,245,Larry Nance Jr.,https://cdn.nba.com/headshots/nba/latest/260x190/1626204.png,
98,IND,2,G-F,193,191,Andrew Nembhard,https://cdn.nba.com/headshots/nba/latest/260x190/1629614.png,
97,IND,23,G-F,198,215,Aaron Nesmith,https://cdn.nba.com/headshots/nba/latest/260x190/1630174.png,
38,CLE,20,F,200,230,Georges Niang,https://cdn.nba.com/headshots/nba/latest/260x190/1627777.png,
396,MIN,12,G,190,226,Daishen Nix,https://cdn.nba.com/headshots/nba/latest/260x190/1630227.png,
109,DEN,22,F-C,205,240,Zeke Nnaji,https://cdn.nba.com/headshots/nba/latest/260x190/1630192.png,
41,PHX,20,C,213,290,Jusuf Nurkic,https://cdn.nba.com/headshots/nba/latest/260x190/203994.png,
372,TOR,13,F,203,225,Jordan Nwora,https://cdn.nba.com/headshots/nba/latest/260x190/1629670.png,
137,PHX,0,F,198,226,Royce O'Neale,https://cdn.nba.com/headshots/nba/latest/260x190/1626220.png,
259,ORL,3,F,200,229,Chuma Okeke,https://cdn.nba.com/headshots/nba/latest/260x190/1629643.png,
144,PHX,2,G,193,213,Josh Okogie,https://cdn.nba.com/headshots/nba/latest/260x190/1629006.png,
273,ATL,17,F-C,208,240,Onyeka Okongwu,https://cdn.nba.com/headshots/nba/latest/260x190/1630168.png,
102,CLE,35,F-G,195,225,Isaac Okoro,https://cdn.nba.com/headshots/nba/latest/260x190/1630171.png,
196,TOR,41,F-C,210,240,Kelly Olynyk,https://cdn.nba.com/headshots/nba/latest/260x190/203482.png,
467,WAS,97,F,198,235,Eugene Omoruyi,https://cdn.nba.com/headshots/nba/latest/260x190/1630647.png,
332,SAS,16,F,200,230,Cedi Osman,https://cdn.nba.com/headshots/nba/latest/260x190/1626224.png,
112,PHI,9,F-G,200,203,Kelly Oubre Jr.,https://cdn.nba.com/headshots/nba/latest/260x190/1626162.png,
176,GSW,3,G,182,175,Chris Paul,https://cdn.nba.com/headshots/nba/latest/260x190/101108.png,
54,PHI,22,G,190,183,Cameron Payne,https://cdn.nba.com/headshots/nba/latest/260x190/1626166.png,
234,GSW,0,G,187,195,Gary Payton II,https://cdn.nba.com/headshots/nba/latest/260x190/1627780.png,
496,BOS,13,F,205,205,Drew Peterson,https://cdn.nba.com/headshots/nba/latest/260x190/1641809.png,
303,CHI,15,F,203,198,Julian Phillips,https://cdn.nba.com/headshots/nba/latest/260x190/1641763.png,
302,DEN,24,G,187,202,Jalen Pickett,https://cdn.nba.com/headshots/nba/latest/260x190/1629618.png,
475,MEM,1,G,185,170,Scotty Pippen Jr.,https://cdn.nba.com/headshots/nba/latest/260x190/1630590.png,
219,LAC,44,F-C,208,254,Mason Plumlee,https://cdn.nba.com/headshots/nba/latest/260x190/203486.png,
99,GSW,2,G,193,205,Brandin Podziemski,https://cdn.nba.com/headshots/nba/latest/260x190/1641764.png,
291,TOR,19,C,213,260,Jakob Poeltl,https://cdn.nba.com/headshots/nba/latest/260x190/1627751.png,
361,CHA,17,F,213,210,Aleksej Pokusevski,https://cdn.nba.com/headshots/nba/latest/260x190/1630197.png,
352,WAS,13,G,193,194,Jordan Poole,https://cdn.nba.com/headshots/nba/latest/260x190/1629673.png,
202,CLE,9,G,185,180,Craig Porter Jr.,https://cdn.nba.com/headshots/nba/latest/260x190/1641854.png,
8,DEN,1,F,208,218,Michael Porter Jr.,https://cdn.nba.com/headshots/nba/latest/260x190/1629008.png,
30,MIL,9,F,208,250,Bobby Portis,https://cdn.nba.com/headshots/nba/latest/260x190/1626171.png,
83,BOS,8,F-C,218,240,Kristaps Porzingis,https://cdn.nba.com/headshots/nba/latest/260x190/204001.png,
505,UTA,25,C,205,248,Micah Potter,https://cdn.nba.com/headshots/nba/latest/260x190/1630695.png,
129,DAL,7,F-C,208,240,Dwight Powell,https://cdn.nba.com/headshots/nba/latest/260x190/203939.png,
43,LAC,24,G,193,215,Norman Powell,https://cdn.nba.com/headshots/nba/latest/260x190/1626181.png,
524,UTA,10,G,190,181,Jason Preston,https://cdn.nba.com/headshots/nba/latest/260x190/1630554.png,
78,LAL,12,F,198,218,Taurean Prince,https://cdn.nba.com/headshots/nba/latest/260x190/1627752.png,
1,BOS,11,G,185,195,Payton Pritchard,https://cdn.nba.com/headshots/nba/latest/260x190/1630202.png,
268,DAL,18,F,200,230,Olivier-Maxence Prosper,https://cdn.nba.com/headshots/nba/latest/260x190/1641765.png,
478,ORL,12,G,195,190,Trevelin Queen,https://cdn.nba.com/headshots/nba/latest/260x190/1630243.png,
266,BOS,88,C,213,248,Neemias Queta,https://cdn.nba.com/headshots/nba/latest/260x190/1629674.png,
224,TOR,5,G,187,190,Immanuel Quickley,https://cdn.nba.com/headshots/nba/latest/260x190/1630193.png,
265,GSW,25,G,193,208,Lester Quinones,https://cdn.nba.com/headshots/nba/latest/260x190/1631311.png,
217,NYK,30,F-C,203,250,Julius Randle,https://cdn.nba.com/headshots/nba/latest/260x190/203944.png,
334,POR,26,C,205,245,Duop Reath,https://cdn.nba.com/headshots/nba/latest/260x190/1641871.png,
45,LAL,15,G,195,197,Austin Reaves,https://cdn.nba.com/headshots/nba/latest/260x190/1630559.png,
232,LAL,5,F-G,200,217,Cam Reddish,https://cdn.nba.com/headshots/nba/latest/260x190/1629629.png,
50,PHI,44,F,205,210,Paul Reed,https://cdn.nba.com/headshots/nba/latest/260x190/1630194.png,
11,MIN,11,C-F,205,264,Naz Reid,https://cdn.nba.com/headshots/nba/latest/260x190/1629675.png,
523,DET,8,G,195,210,Jared Rhoden,https://cdn.nba.com/headshots/nba/latest/260x190/1631197.png,
374,CHA,4,C,213,245,Nick Richards,https://cdn.nba.com/headshots/nba/latest/260x190/1630208.png,
264,MIA,0,G,195,200,Josh Richardson,https://cdn.nba.com/headshots/nba/latest/260x190/1626196.png,
128,MIA,55,F,200,215,Duncan Robinson,https://cdn.nba.com/headshots/nba/latest/260x190/1629130.png,
337,GSW,18,G,195,190,Jerome Robinson,https://cdn.nba.com/headshots/nba/latest/260x190/1629010.png,
311,NYK,23,C-F,213,240,Mitchell Robinson,https://cdn.nba.com/headshots/nba/latest/260x190/1629011.png,
304,MIA,25,C,208,235,Orlando Robinson,https://cdn.nba.com/headshots/nba/latest/260x190/1631115.png,
279,NOP,50,F,203,240,Jeremiah Robinson-Earl,https://cdn.nba.com/headshots/nba/latest/260x190/1630526.png,
247,PHX,21,F,193,255,David Roddy,https://cdn.nba.com/headshots/nba/latest/260x190/1631223.png,
553,MIL,55,G,190,180,Ryan Rollins,https://cdn.nba.com/headshots/nba/latest/260x190/1631157.png,
458,MEM,23,G,190,200,Derrick Rose,https://cdn.nba.com/headshots/nba/latest/260x190/201565.png,
285,MIA,2,G,185,190,Terry Rozier,https://cdn.nba.com/headshots/nba/latest/260x190/1626179.png,
455,POR,72,G-F,198,185,Rayan Rupert,https://cdn.nba.com/headshots/nba/latest/260x190/1641712.png,
55,LAL,1,G,190,193,D'Angelo Russell,https://cdn.nba.com/headshots/nba/latest/260x190/1626156.png,
373,NOP,37,F,198,215,Matt Ryan,https://cdn.nba.com/headshots/nba/latest/260x190/1630346.png,
56,SAC,10,F-C,208,240,Domantas Sabonis,https://cdn.nba.com/headshots/nba/latest/260x190/1627734.png,
353,UTA,19,F,208,227,Luka Samanic,https://cdn.nba.com/headshots/nba/latest/260x190/1629677.png,
432,HOU,0,F,198,230,Jermaine Samuels Jr.,https://cdn.nba.com/headshots/nba/latest/260x190/1631257.png,
489,CHI,21,F,205,245,Adama Sanogo,https://cdn.nba.com/headshots/nba/latest/260x190/1641766.png,
335,GSW,15,F,198,185,Gui Santos,https://cdn.nba.com/headshots/nba/latest/260x190/fallback.png,
158,GSW,20,F-C,208,225,Dario Saric,https://cdn.nba.com/headshots/nba/latest/260x190/203967.png,
436,OKC,30,C,208,240,Olivier Sarr,https://cdn.nba.com/headshots/nba/latest/260x190/1630846.png,
398,DET,25,G,187,195,Marcus Sasser,https://cdn.nba.com/headshots/nba/latest/260x190/1631204.png,
347,ORL,25,F,195,241,Admiral Schofield,https://cdn.nba.com/headshots/nba/latest/260x190/1629678.png,
204,BKN,17,G,185,175,Dennis Schroder,https://cdn.nba.com/headshots/nba/latest/260x190/203471.png,
495,NOP,0,G,195,180,Dereon Seabron,https://cdn.nba.com/headshots/nba/latest/260x190/1631220.png,
213,HOU,28,C,210,243,Alperen Sengun,https://cdn.nba.com/headshots/nba/latest/260x190/1630578.png,
424,UTA,8,F,195,235,Brice Sensabaugh,https://cdn.nba.com/headshots/nba/latest/260x190/1641729.png,
214,UTA,2,G,190,190,Collin Sexton,https://cdn.nba.com/headshots/nba/latest/260x190/1629012.png,
463,WAS,20,G,193,190,Landry Shamet,https://cdn.nba.com/headshots/nba/latest/260x190/1629013.png,
248,BKN,20,C,205,265,Day'Ron Sharpe,https://cdn.nba.com/headshots/nba/latest/260x190/1630549.png,
437,POR,17,G,195,205,Shaedon Sharpe,https://cdn.nba.com/headshots/nba/latest/260x190/1631101.png,
183,IND,26,G,198,190,Ben Sheppard,https://cdn.nba.com/headshots/nba/latest/260x190/1641767.png,
136,IND,43,F,203,245,Pascal Siakam,https://cdn.nba.com/headshots/nba/latest/260x190/1627783.png,
440,BKN,10,G-F,208,240,Ben Simmons,https://cdn.nba.com/headshots/nba/latest/260x190/1627732.png,
392,POR,1,G,190,193,Anfernee Simons,https://cdn.nba.com/headshots/nba/latest/260x190/1629014.png,
205,NYK,45,C,208,250,Jericho Sims,https://cdn.nba.com/headshots/nba/latest/260x190/1630579.png,
431,SAC,18,F,200,215,Jalen Slawson,https://cdn.nba.com/headshots/nba/latest/260x190/1641771.png,
451,MEM,36,G,190,220,Marcus Smart,https://cdn.nba.com/headshots/nba/latest/260x190/203935.png,
151,IND,25,F-C,205,215,Jalen Smith,https://cdn.nba.com/headshots/nba/latest/260x190/1630188.png,
439,PHI,23,G,193,160,Terquavion Smith,https://cdn.nba.com/headshots/nba/latest/260x190/1631173.png,
309,BKN,4,G,190,205,Dennis Smith Jr.,https://cdn.nba.com/headshots/nba/latest/260x190/1628372.png,
120,HOU,10,F,210,220,Jabari Smith Jr.,https://cdn.nba.com/headshots/nba/latest/260x190/1631095.png,
421,CHA,8,G,187,185,Nick Smith Jr.,https://cdn.nba.com/headshots/nba/latest/260x190/1641733.png,
321,SAS,10,F,203,230,Jeremy Sochan,https://cdn.nba.com/headshots/nba/latest/260x190/1631110.png,
487,GSW,61,G,190,205,Pat Spencer,https://cdn.nba.com/headshots/nba/latest/260x190/1630311.png,
184,BOS,44,G,193,202,Jaden Springer,https://cdn.nba.com/headshots/nba/latest/260x190/1630531.png,
281,MEM,24,F,200,230,Lamar Stevens,https://cdn.nba.com/headshots/nba/latest/260x190/1630205.png,
417,DET,28,F-C,203,250,Isaiah Stewart,https://cdn.nba.com/headshots/nba/latest/260x190/1630191.png,
170,DEN,3,G,198,205,Julian Strawther,https://cdn.nba.com/headshots/nba/latest/260x190/1631124.png,
84,CLE,1,G-F,195,215,Max Strus,https://cdn.nba.com/headshots/nba/latest/260x190/1629622.png,
80,ORL,4,G,195,205,Jalen Suggs,https://cdn.nba.com/headshots/nba/latest/260x190/1630591.png,
425,MIA,21,F,203,220,Cole Swider,https://cdn.nba.com/headshots/nba/latest/260x190/1631306.png,
185,HOU,8,F,193,230,Jae'Sean Tate,https://cdn.nba.com/headshots/nba/latest/260x190/1630256.png,
7,BOS,0,F-G,203,210,Jayson Tatum,https://cdn.nba.com/headshots/nba/latest/260x190/1628369.png,
468,TOR,17,G-F,195,195,Garrett Temple,https://cdn.nba.com/headshots/nba/latest/260x190/202066.png,
233,CHI,25,F,200,195,Dalen Terry,https://cdn.nba.com/headshots/nba/latest/260x190/1631207.png,
127,LAC,10,F-C,203,245,Daniel Theis,https://cdn.nba.com/headshots/nba/latest/260x190/1628464.png,
270,BKN,24,G,190,210,Cam Thomas,https://cdn.nba.com/headshots/nba/latest/260x190/1630560.png,
482,PHX,4,G,175,185,Isaiah Thomas,https://cdn.nba.com/headshots/nba/latest/260x190/202738.png,
201,HOU,1,G-F,200,200,Amen Thompson,https://cdn.nba.com/headshots/nba/latest/260x190/1641708.png,
403,DET,9,G-F,198,205,Ausar Thompson,https://cdn.nba.com/headshots/nba/latest/260x190/1641709.png,
105,GSW,11,G,198,220,Klay Thompson,https://cdn.nba.com/headshots/nba/latest/260x190/202691.png,
230,CLE,13,C-F,205,254,Tristan Thompson,https://cdn.nba.com/headshots/nba/latest/260x190/202684.png,
345,CHA,21,F,205,203,JT Thor,https://cdn.nba.com/headshots/nba/latest/260x190/1630550.png,
324,POR,4,G-F,195,201,Matisse Thybulle,https://cdn.nba.com/headshots/nba/latest/260x190/1629680.png,
212,BOS,26,F,200,245,Xavier Tillman,https://cdn.nba.com/headshots/nba/latest/260x190/1630214.png,
521,NYK,0,F,203,200,Jacob Toppin,https://cdn.nba.com/headshots/nba/latest/260x190/1631210.png,
49,IND,1,F,205,220,Obi Toppin,https://cdn.nba.com/headshots/nba/latest/260x190/1630167.png,
93,MIN,32,C-F,213,248,Karl-Anthony Towns,https://cdn.nba.com/headshots/nba/latest/260x190/1626157.png,
263,TOR,33,G,195,204,Gary Trent Jr.,https://cdn.nba.com/headshots/nba/latest/260x190/1629018.png,
534,IND,44,F-C,203,255,Oscar Tshiebwe,https://cdn.nba.com/headshots/nba/latest/260x190/1631131.png,
381,LAC,17,F,195,245,P.J. Tucker,https://cdn.nba.com/headshots/nba/latest/260x190/200782.png,
69,IND,33,C-F,210,250,Myles Turner,https://cdn.nba.com/headshots/nba/latest/260x190/1626167.png,
367,DEN,4,F,203,215,Hunter Tyson,https://cdn.nba.com/headshots/nba/latest/260x190/1641816.png,
488,DET,17,G,198,210,Stanley Umude,https://cdn.nba.com/headshots/nba/latest/260x190/1630649.png,
32,NOP,17,C,210,265,Jonas Valanciunas,https://cdn.nba.com/headshots/nba/latest/260x190/202685.png,
130,HOU,5,G,182,197,Fred VanVleet,https://cdn.nba.com/headshots/nba/latest/260x190/1627832.png,
371,LAL,2,F,203,214,Jarred Vanderbilt,https://cdn.nba.com/headshots/nba/latest/260x190/1629020.png,
333,SAS,24,G-F,195,200,Devin Vassell,https://cdn.nba.com/headshots/nba/latest/260x190/1630170.png,
283,SAC,7,F,203,225,Sasha Vezenkov,https://cdn.nba.com/headshots/nba/latest/260x190/1628426.png,
444,LAL,7,G,187,200,Gabe Vincent,https://cdn.nba.com/headshots/nba/latest/260x190/1629216.png,
153,CHI,9,C,208,260,Nikola Vucevic,https://cdn.nba.com/headshots/nba/latest/260x190/202696.png,
148,CLE,32,F-C,205,228,Dean Wade,https://cdn.nba.com/headshots/nba/latest/260x190/1629731.png,
72,ORL,22,F,208,220,Franz Wagner,https://cdn.nba.com/headshots/nba/latest/260x190/1630532.png,
63,ORL,21,F-C,210,245,Moritz Wagner,https://cdn.nba.com/headshots/nba/latest/260x190/1629021.png,
520,PHX,12,F,195,250,Ish Wainright,https://cdn.nba.com/headshots/nba/latest/260x190/1630688.png,
319,POR,34,F,200,227,Jabari Walker,https://cdn.nba.com/headshots/nba/latest/260x190/1631133.png,
320,IND,5,F,200,235,Jarace Walker,https://cdn.nba.com/headshots/nba/latest/260x190/1641716.png,
272,BKN,8,G-F,193,204,Lonnie Walker IV,https://cdn.nba.com/headshots/nba/latest/260x190/1629022.png,
4,OKC,22,G,190,195,Cason Wallace,https://cdn.nba.com/headshots/nba/latest/260x190/1641717.png,
420,BOS,27,G,198,205,Jordan Walsh,https://cdn.nba.com/headshots/nba/latest/260x190/1641775.png,
456,MIN,24,F,203,220,T.J. Warren,https://cdn.nba.com/headshots/nba/latest/260x190/203933.png,
209,DAL,25,F,200,230,P.J. Washington,https://cdn.nba.com/headshots/nba/latest/260x190/1629023.png,
480,MIL,23,G,190,195,TyTy Washington Jr.,https://cdn.nba.com/headshots/nba/latest/260x190/1631102.png,
330,MEM,18,G-F,205,215,Yuta Watanabe,https://cdn.nba.com/headshots/nba/latest/260x190/1629139.png,
253,OKC,12,F,198,210,Lindy Waters III,https://cdn.nba.com/headshots/nba/latest/260x190/1630322.png,
256,BKN,9,F,203,237,Trendon Watford,https://cdn.nba.com/headshots/nba/latest/260x190/1630570.png,
13,DEN,8,G,200,200,Peyton Watson,https://cdn.nba.com/headshots/nba/latest/260x190/1631212.png,
314,SAS,1,F-C,223,210,Victor Wembanyama,https://cdn.nba.com/headshots/nba/latest/260x190/1641705.png,
307,SAS,14,G,190,185,Blake Wesley,https://cdn.nba.com/headshots/nba/latest/260x190/1631104.png,
71,LAC,0,G,193,200,Russell Westbrook,https://cdn.nba.com/headshots/nba/latest/260x190/201566.png,
141,CHI,0,G,195,195,Coby White,https://cdn.nba.com/headshots/nba/latest/260x190/1629632.png,
3,BOS,9,G,193,190,Derrick White,https://cdn.nba.com/headshots/nba/latest/260x190/1628401.png,
543,BKN,0,F,198,220,Dariq Whitehead,https://cdn.nba.com/headshots/nba/latest/260x190/1641727.png,
308,HOU,7,F,200,230,Cam Whitmore,https://cdn.nba.com/headshots/nba/latest/260x190/1641715.png,
14,OKC,21,G,195,190,Aaron Wiggins,https://cdn.nba.com/headshots/nba/latest/260x190/1630598.png,
124,GSW,22,F,200,197,Andrew Wiggins,https://cdn.nba.com/headshots/nba/latest/260x190/203952.png,
466,MIA,15,G,193,210,Alondes Williams,https://cdn.nba.com/headshots/nba/latest/260x190/1631214.png,
404,DAL,0,G,185,190,Brandon Williams,https://cdn.nba.com/headshots/nba/latest/260x190/1630314.png,
169,CHA,2,F,198,236,Grant Williams,https://cdn.nba.com/headshots/nba/latest/260x190/1629684.png,
27,OKC,8,G-F,195,211,Jalen Williams,https://cdn.nba.com/headshots/nba/latest/260x190/1631114.png,
40,OKC,6,F,205,240,Jaylin Williams,https://cdn.nba.com/headshots/nba/latest/260x190/1631119.png,
34,OKC,34,G-F,198,210,Kenrich Williams,https://cdn.nba.com/headshots/nba/latest/260x190/1629026.png,
452,CHA,5,C,213,240,Mark Williams,https://cdn.nba.com/headshots/nba/latest/260x190/1631109.png,
399,HOU,19,G,195,205,Nate Williams,https://cdn.nba.com/headshots/nba/latest/260x190/1631466.png,
312,CHI,44,F,200,215,Patrick Williams,https://cdn.nba.com/headshots/nba/latest/260x190/1630172.png,
306,MEM,8,F,205,185,Ziaire Williams,https://cdn.nba.com/headshots/nba/latest/260x190/1630533.png,
536,POR,35,C-F,205,249,Robert Williams III,https://cdn.nba.com/headshots/nba/latest/260x190/1629057.png,
328,MEM,5,G,193,205,Vince Williams Jr.,https://cdn.nba.com/headshots/nba/latest/260x190/1631246.png,
96,NOP,1,F,198,284,Zion Williamson,https://cdn.nba.com/headshots/nba/latest/260x190/1629627.png,
369,BKN,22,F,198,220,Jalen Wilson,https://cdn.nba.com/headshots/nba/latest/260x190/1630592.png,
416,ATL,20,G-F,200,196,Dylan Windler,https://cdn.nba.com/headshots/nba/latest/260x190/1629685.png,
418,DET,13,C,210,240,James Wiseman,https://cdn.nba.com/headshots/nba/latest/260x190/1630164.png,
547,IND,21,G,190,185,Isaiah Wong,https://cdn.nba.com/headshots/nba/latest/260x190/1631209.png,
222,LAL,35,F,203,214,Christian Wood,https://cdn.nba.com/headshots/nba/latest/260x190/1626174.png,
344,MIA,4,G,195,185,Delon Wright,https://cdn.nba.com/headshots/nba/latest/260x190/1626153.png,
390,PHX,30,F,203,225,Thaddeus Young,https://cdn.nba.com/headshots/nba/latest/260x190/201152.png,
288,ATL,11,G,185,164,Trae Young,https://cdn.nba.com/headshots/nba/latest/260x190/1629027.png,
342,UTA,77,C,210,275,Omer Yurtseven,https://cdn.nba.com/headshots/nba/latest/260x190/1630209.png,
242,NOP,40,F-C,210,240,Cody Zeller,https://cdn.nba.com/headshots/nba/latest/260x190/203469.png,
91,LAC,40,C,213,240,Ivica Zubac,https://cdn.nba.com/headshots/nba/latest/260x190/1627826.png,